{"stat.leaveGame":6,"stat.pickup.vampirism.item_garlic":1,"stat.killEntity.vampirism.vampire":8,"stat.useItem.minecraft.mutton":6,"stat.useItem.minecraft.planks":10,"stat.pickup.minecraft.porkchop":13,"stat.useItem.minecraft.water_bucket":27,"stat.mineBlock.minecraft.stone_brick_stairs":1,"stat.pickup.minecraft.rotten_flesh":11,"stat.pickup.minecraft.sand":75,"stat.craftItem.minecraft.stone_axe":1,"stat.pickup.minecraft.cobblestone_wall":6,"stat.pickup.minecraft.bucket":1,"stat.useItem.locks.wood_lock_pick":7,"stat.mineBlock.minecraft.sand":75,"stat.killEntity.Villager":1,"stat.craftItem.spartanshields.shield_basic_wood":1,"stat.useItem.minecraft.iron_pickaxe":263,"stat.craftItem.minecraft.wooden_pickaxe":1,"stat.pickup.minecraft.double_plant":11,"stat.craftItem.minecraft.bed":1,"stat.useItem.locks.diamond_lock_pick":5,"stat.useItem.minecraft.oak_stairs":2,"stat.furnaceInteraction":13,"stat.craftItem.vampirism.item_coffin":1,"stat.pickup.minecraft.beef":71,"stat.pickup.minecraft.hay_block":15,"stat.pickup.minecraft.skull":1,"stat.pickup.minecraft.emerald":1,"stat.useItem.minecraft.beef":1,"stat.mineBlock.minecraft.oak_stairs":14,"stat.deaths":10,"stat.pickup.locks.wood_lock":1,"stat.pickup.minecraft.egg":3,"stat.playOneMinute":254324,"stat.craftItem.minecraft.iron_pickaxe":1,"stat.pickup.minecraft.item_frame":2,"stat.pickup.minecraft.iron_bars":5,"stat.drop.minecraft.glass_bottle":2,"stat.mineBlock.minecraft.tallgrass":14,"stat.chestOpened":72,"stat.craftItem.minecraft.carpet":3,"stat.pickup.minecraft.iron_sword":1,"stat.pickup.minecraft.arrow":26,"stat.mineBlock.minecraft.gold_block":2,"stat.fallOneCm":49094,"stat.pickup.minecraft.carrot":141,"stat.crouchOneCm":86200,"stat.craftItem.minecraft.chest":4,"stat.craftItem.minecraft.iron_ingot":210,"stat.pickup.vampirism.blood_container":1,"stat.craftingTableInteraction":25,"stat.mineBlock.minecraft.log2":1,"stat.drop.minecraft.double_plant":1,"stat.pickup.minecraft.feather":6,"stat.craftItem.vampirism.altar_tip":8,"stat.useItem.minecraft.furnace":2,"stat.pickup.minecraft.planks":21,"stat.pickup.minecraft.wheat_seeds":2,"stat.mineBlock.minecraft.gravel":1,"stat.useItem.minecraft.stone_pickaxe":312,"stat.craftItem.minecraft.iron_leggings":1,"stat.mineBlock.vampirism.altar_tip":1,"stat.mineBlock.minecraft.dirt":118,"stat.useItem.minecraft.torch":1,"stat.drop.minecraft.rotten_flesh":1,"stat.pickup.minecraft.crafting_table":6,"stat.useItem.minecraft.cobblestone":466,"stat.craftItem.minecraft.crafting_table":2,"stat.pickup.minecraft.log":46,"stat.drop.minecraft.chicken":16,"stat.pickup.minecraft.chicken":19,"stat.killEntity.vampirism.advanced_vampire":1,"stat.pickup.minecraft.sapling":21,"stat.pickup.minecraft.apple":2,"stat.pickup.vampirism.altar_pillar":28,"stat.craftItem.minecraft.bucket":1,"stat.useItem.minecraft.iron_sword":185,"stat.craftItem.minecraft.planks":172,"stat.useItem.minecraft.stonebrick":18,"stat.pickup.minecraft.book":24,"stat.mineBlock.minecraft.log":46,"stat.pickup.vampirism.human_heart":323,"stat.sneakTime":27036,"stat.pickup.minecraft.wool":8,"stat.mineBlock.minecraft.cobblestone_wall":5,"stat.pickup.minecraft.stone_slab":2,"stat.useItem.vampirism.item_tent":3,"stat.pickup.minecraft.bone":14,"stat.craftItem.vampirism.altar_pillar":64,"stat.mineBlock.minecraft.cobblestone":110,"stat.mineBlock.vampirism.altar_inspiration":3,"stat.swimOneCm":64896,"stat.climbOneCm":2153,"stat.pickup.vampirism.blood_bottle":10,"stat.useItem.minecraft.dirt":29,"stat.drop.croparia.seed_crop_coal":2,"stat.useItem.minecraft.stone_slab2":56,"stat.pickup.croparia.seed_crop_coal":4,"stat.craftItem.minecraft.furnace":3,"stat.useItem.minecraft.egg":3,"stat.craftItem.spartanshields.shield_basic_iron":1,"stat.craftItem.minecraft.iron_boots":1,"stat.craftItem.minecraft.stone_pickaxe":8,"stat.pickup.minecraft.cobblestone":318,"stat.pickup.minecraft.iron_trapdoor":2,"stat.craftItem.vampiresneedumbrellas.iron_umbrella_rod":2,"stat.pickup.minecraft.gold_block":2,"stat.pickup.vampirism.item_tent":6,"stat.useItem.minecraft.stone_shovel":176,"stat.flyOneCm":423320,"stat.craftItem.minecraft.glass_bottle":48,"stat.pickup.minecraft.glass_bottle":2,"stat.useItem.vampirism.heart_striker":4,"stat.useItem.vampirism.pitchfork":122,"stat.mineBlock.minecraft.iron_ore":119,"stat.timeSinceDeath":75753,"stat.pickup.vampirism.vampire_book":22,"stat.pickup.minecraft.mutton":16,"stat.craftItem.minecraft.iron_block":13,"stat.pickup.minecraft.stonebrick":65,"stat.killEntity.vampirism.vampire_hunter":4,"stat.mineBlock.minecraft.coal_ore":70,"stat.drop.locks.diamond_lock":1,"stat.talkedToVillager":15,"stat.pickup.vampirism.altar_tip":1,"stat.pickup.minecraft.string":16,"stat.mineBlock.vampirism.altar_pillar":28,"stat.entityKilledBy.Skeleton":1,"stat.craftItem.minecraft.stone_slab2":0,"stat.drop.vampirism.hunter_intel":256,"stat.useItem.vampirism.vampire_book":1,"stat.sprintOneCm":281726,"stat.mineBlock.minecraft.stone_slab":2,"stat.pickup.vampirism.cursed_earth":41,"stat.craftItem.minecraft.stick":224,"stat.useItem.carryon.tile_item":2,"stat.mineBlock.minecraft.crafting_table":6,"stat.waystones:waystonesActivated":1,"stat.mineBlock.minecraft.planks":22,"stat.drop":16,"stat.pickup.locks.master_key":1,"stat.killEntity.Sheep":8,"stat.craftItem.minecraft.emerald":6,"stat.pickup.minecraft.iron_block":21,"stat.killEntity.Zombie":16,"stat.diveOneCm":49655,"stat.useItem.locks.master_key":19,"stat.pickup.vampirism.altar_inspiration":3,"stat.pickup.minecraft.gravel":1,"stat.useItem.minecraft.chicken":3,"stat.useItem.minecraft.apple":1,"stat.pickup.vampirism.pure_blood":320,"stat.useItem.minecraft.porkchop":1,"stat.pickup.minecraft.stone_brick_stairs":1,"stat.jump":2272,"stat.pickup.minecraft.coal":70,"stat.pickup.minecraft.iron_ingot":1,"stat.useItem.minecraft.stone_axe":113,"stat.pickup.minecraft.spider_eye":4,"stat.drop.vampirism.heart_striker":2,"stat.pickup.minecraft.dirt":134,"stat.craftItem.minecraft.iron_helmet":1,"stat.pickup.vampirism.heart_striker":2,"stat.pickup.vampirism.vampire_fang":16,"stat.pickup.minecraft.iron_ore":119,"stat.mineBlock.minecraft.iron_bars":6,"stat.pickup.vampirism.hunter_intel":1024,"stat.mineBlock.minecraft.glass_pane":4,"stat.damageTaken":17951,"stat.pickup.minecraft.leather":24,"stat.mineBlock.minecraft.red_flower":1,"stat.mineBlock.minecraft.torch":6,"stat.useItem.minecraft.wooden_pickaxe":59,"stat.useItem.minecraft.gold_block":1,"stat.tradedWithVillager":9,"stat.useItem.vampirism.altar_pillar":51,"stat.pickup.minecraft.log2":1,"stat.pickup.minecraft.reeds":19,"stat.killEntity.CaveSpider":2,"stat.pickup.minecraft.bed":1,"stat.pickup.minecraft.oak_stairs":18,"stat.entityKilledBy.Zombie":1,"stat.damageDealt":20487,"stat.craftItem.minecraft.glass":64,"stat.sleepInBed":6,"stat.killEntity.Cow":15,"stat.killEntity.Pig":2,"stat.craftItem.minecraft.stone_shovel":1,"stat.walkOneCm":566079,"stat.useItem.minecraft.chest":3,"stat.useItem.minecraft.lava_bucket":13,"stat.mineBlock.vampirism.cursed_earth":22,"stat.useItem.vampirism.altar_tip":7,"stat.craftItem.locks.wood_lock_pick":39,"stat.pickup.minecraft.stone":3,"stat.craftItem.vampiresneedumbrellas.white_iron_umbrella":1,"stat.killEntity.Skeleton":12,"stat.pickup.vampirism.holy_salt":3,"stat.mineBlock.minecraft.stonebrick":64,"stat.killEntity.Chicken":7,"stat.killEntity.Spider":13,"stat.mobKills":117,"stat.mineBlock.minecraft.bookshelf":4,"stat.mineBlock.minecraft.leaves":13,"stat.pickup.vampirism.pitchfork":1,"stat.pickup.minecraft.torch":6,"stat.killEntity.vampirism.advanced_hunter":2,"stat.mineBlock.minecraft.hay_block":15,"stat.mineBlock.minecraft.stone":205}