{"stat.leaveGame":6,"stat.pickup.vampirism.item_garlic":1,"stat.killEntity.vampirism.vampire":8,"stat.useItem.minecraft.mutton":6,"stat.useItem.minecraft.planks":10,"stat.pickup.minecraft.porkchop":13,"stat.useItem.minecraft.water_bucket":21,"stat.mineBlock.minecraft.stone_brick_stairs":1,"stat.pickup.minecraft.rotten_flesh":11,"stat.pickup.minecraft.sand":75,"stat.craftItem.minecraft.stone_axe":1,"stat.pickup.minecraft.cobblestone_wall":6,"stat.pickup.minecraft.bucket":1,"stat.useItem.locks.wood_lock_pick":7,"stat.mineBlock.minecraft.sand":75,"stat.killEntity.Villager":1,"stat.craftItem.spartanshields.shield_basic_wood":1,"stat.useItem.minecraft.iron_pickaxe":252,"stat.craftItem.minecraft.wooden_pickaxe":1,"stat.craftItem.minecraft.bed":1,"stat.useItem.locks.diamond_lock_pick":5,"stat.useItem.minecraft.oak_stairs":2,"stat.furnaceInteraction":12,"stat.pickup.minecraft.beef":71,"stat.pickup.minecraft.hay_block":15,"stat.pickup.minecraft.skull":1,"stat.pickup.minecraft.emerald":1,"stat.useItem.minecraft.beef":1,"stat.mineBlock.minecraft.oak_stairs":5,"stat.deaths":10,"stat.pickup.locks.wood_lock":1,"stat.pickup.minecraft.egg":3,"stat.playOneMinute":205724,"stat.pickup.minecraft.iron_bars":3,"stat.drop.minecraft.glass_bottle":2,"stat.mineBlock.minecraft.tallgrass":14,"stat.chestOpened":33,"stat.craftItem.minecraft.carpet":3,"stat.pickup.minecraft.iron_sword":1,"stat.pickup.minecraft.arrow":20,"stat.mineBlock.minecraft.gold_block":1,"stat.fallOneCm":43366,"stat.pickup.minecraft.carrot":141,"stat.crouchOneCm":67255,"stat.craftItem.minecraft.chest":4,"stat.craftItem.minecraft.iron_ingot":66,"stat.pickup.vampirism.blood_container":1,"stat.craftingTableInteraction":19,"stat.mineBlock.minecraft.log2":1,"stat.pickup.minecraft.feather":6,"stat.useItem.minecraft.furnace":2,"stat.pickup.minecraft.planks":10,"stat.pickup.minecraft.wheat_seeds":1,"stat.mineBlock.minecraft.gravel":1,"stat.useItem.minecraft.stone_pickaxe":213,"stat.craftItem.minecraft.iron_leggings":1,"stat.mineBlock.minecraft.dirt":94,"stat.useItem.minecraft.torch":1,"stat.drop.minecraft.rotten_flesh":1,"stat.pickup.minecraft.crafting_table":6,"stat.useItem.minecraft.cobblestone":243,"stat.craftItem.minecraft.crafting_table":2,"stat.pickup.minecraft.log":44,"stat.drop.minecraft.chicken":16,"stat.pickup.minecraft.chicken":19,"stat.killEntity.vampirism.advanced_vampire":1,"stat.pickup.minecraft.sapling":21,"stat.pickup.minecraft.apple":2,"stat.pickup.vampirism.altar_pillar":1,"stat.craftItem.minecraft.bucket":1,"stat.useItem.minecraft.iron_sword":185,"stat.craftItem.minecraft.planks":172,"stat.useItem.minecraft.stonebrick":18,"stat.pickup.minecraft.book":24,"stat.mineBlock.minecraft.log":44,"stat.pickup.vampirism.human_heart":66,"stat.sneakTime":22206,"stat.pickup.minecraft.wool":8,"stat.mineBlock.minecraft.cobblestone_wall":5,"stat.pickup.minecraft.stone_slab":2,"stat.useItem.vampirism.item_tent":3,"stat.pickup.minecraft.bone":11,"stat.craftItem.vampirism.altar_pillar":64,"stat.mineBlock.minecraft.cobblestone":38,"stat.mineBlock.vampirism.altar_inspiration":1,"stat.swimOneCm":62760,"stat.climbOneCm":2153,"stat.pickup.vampirism.blood_bottle":10,"stat.useItem.minecraft.dirt":28,"stat.drop.croparia.seed_crop_coal":2,"stat.useItem.minecraft.stone_slab2":43,"stat.pickup.croparia.seed_crop_coal":4,"stat.craftItem.minecraft.furnace":3,"stat.useItem.minecraft.egg":3,"stat.craftItem.spartanshields.shield_basic_iron":1,"stat.craftItem.minecraft.iron_boots":1,"stat.craftItem.minecraft.stone_pickaxe":2,"stat.pickup.minecraft.cobblestone":246,"stat.pickup.minecraft.iron_trapdoor":2,"stat.craftItem.vampiresneedumbrellas.iron_umbrella_rod":2,"stat.pickup.minecraft.gold_block":1,"stat.pickup.vampirism.item_tent":6,"stat.useItem.minecraft.stone_shovel":149,"stat.flyOneCm":268615,"stat.craftItem.minecraft.glass_bottle":48,"stat.pickup.minecraft.glass_bottle":2,"stat.useItem.vampirism.pitchfork":107,"stat.mineBlock.minecraft.iron_ore":119,"stat.timeSinceDeath":27153,"stat.pickup.vampirism.vampire_book":1,"stat.pickup.minecraft.mutton":16,"stat.pickup.minecraft.stonebrick":65,"stat.killEntity.vampirism.vampire_hunter":4,"stat.mineBlock.minecraft.coal_ore":70,"stat.drop.locks.diamond_lock":1,"stat.talkedToVillager":14,"stat.pickup.minecraft.string":13,"stat.mineBlock.vampirism.altar_pillar":1,"stat.entityKilledBy.Skeleton":1,"stat.craftItem.minecraft.stone_slab2":0,"stat.sprintOneCm":254208,"stat.mineBlock.minecraft.stone_slab":2,"stat.pickup.vampirism.cursed_earth":18,"stat.craftItem.minecraft.stick":208,"stat.useItem.carryon.tile_item":2,"stat.mineBlock.minecraft.crafting_table":6,"stat.waystones:waystonesActivated":1,"stat.mineBlock.minecraft.planks":9,"stat.drop":11,"stat.killEntity.Sheep":8,"stat.craftItem.minecraft.emerald":6,"stat.killEntity.Zombie":15,"stat.diveOneCm":38488,"stat.useItem.locks.master_key":7,"stat.pickup.vampirism.altar_inspiration":1,"stat.pickup.minecraft.gravel":1,"stat.useItem.minecraft.chicken":3,"stat.useItem.minecraft.apple":1,"stat.useItem.minecraft.porkchop":1,"stat.pickup.minecraft.stone_brick_stairs":1,"stat.jump":2075,"stat.pickup.minecraft.coal":70,"stat.pickup.minecraft.iron_ingot":1,"stat.useItem.minecraft.stone_axe":90,"stat.pickup.minecraft.spider_eye":2,"stat.drop.vampirism.heart_striker":2,"stat.pickup.minecraft.dirt":94,"stat.craftItem.minecraft.iron_helmet":1,"stat.pickup.vampirism.heart_striker":1,"stat.pickup.vampirism.vampire_fang":16,"stat.pickup.minecraft.iron_ore":119,"stat.mineBlock.minecraft.iron_bars":4,"stat.mineBlock.minecraft.glass_pane":2,"stat.damageTaken":17032,"stat.pickup.minecraft.leather":24,"stat.mineBlock.minecraft.red_flower":1,"stat.mineBlock.minecraft.torch":5,"stat.useItem.minecraft.wooden_pickaxe":59,"stat.tradedWithVillager":9,"stat.useItem.vampirism.altar_pillar":7,"stat.pickup.minecraft.log2":1,"stat.pickup.minecraft.reeds":19,"stat.killEntity.CaveSpider":2,"stat.pickup.minecraft.bed":1,"stat.pickup.minecraft.oak_stairs":4,"stat.entityKilledBy.Zombie":1,"stat.damageDealt":18616,"stat.craftItem.minecraft.glass":64,"stat.sleepInBed":4,"stat.killEntity.Cow":15,"stat.killEntity.Pig":2,"stat.craftItem.minecraft.stone_shovel":1,"stat.walkOneCm":434656,"stat.useItem.minecraft.chest":3,"stat.useItem.minecraft.lava_bucket":13,"stat.mineBlock.vampirism.cursed_earth":18,"stat.craftItem.locks.wood_lock_pick":39,"stat.pickup.minecraft.stone":3,"stat.craftItem.vampiresneedumbrellas.white_iron_umbrella":1,"stat.killEntity.Skeleton":11,"stat.pickup.vampirism.holy_salt":3,"stat.mineBlock.minecraft.stonebrick":63,"stat.killEntity.Chicken":7,"stat.killEntity.Spider":4,"stat.mobKills":105,"stat.mineBlock.minecraft.bookshelf":4,"stat.mineBlock.minecraft.leaves":13,"stat.pickup.vampirism.pitchfork":1,"stat.pickup.minecraft.torch":5,"stat.killEntity.vampirism.advanced_hunter":2,"stat.mineBlock.minecraft.hay_block":15,"stat.mineBlock.minecraft.stone":205}