{"stat.pickup.minecraft.bone":3,"stat.leaveGame":4,"stat.pickup.vampirism.item_garlic":1,"stat.mineBlock.minecraft.cobblestone":25,"stat.killEntity.vampirism.vampire":6,"stat.mineBlock.vampirism.altar_inspiration":1,"stat.useItem.minecraft.mutton":6,"stat.swimOneCm":32687,"stat.climbOneCm":2153,"stat.useItem.minecraft.planks":6,"stat.pickup.minecraft.porkchop":13,"stat.pickup.vampirism.blood_bottle":10,"stat.useItem.minecraft.dirt":24,"stat.drop.croparia.seed_crop_coal":2,"stat.useItem.minecraft.stone_slab2":32,"stat.pickup.croparia.seed_crop_coal":4,"stat.useItem.minecraft.water_bucket":7,"stat.mineBlock.minecraft.stone_brick_stairs":1,"stat.pickup.minecraft.rotten_flesh":5,"stat.pickup.minecraft.sand":75,"stat.craftItem.minecraft.furnace":3,"stat.useItem.minecraft.egg":3,"stat.craftItem.minecraft.stone_axe":1,"stat.craftItem.spartanshields.shield_basic_iron":1,"stat.craftItem.minecraft.iron_boots":1,"stat.craftItem.minecraft.stone_pickaxe":2,"stat.pickup.minecraft.cobblestone":224,"stat.pickup.minecraft.iron_trapdoor":2,"stat.craftItem.vampiresneedumbrellas.iron_umbrella_rod":2,"stat.pickup.minecraft.gold_block":1,"stat.pickup.vampirism.item_tent":6,"stat.useItem.minecraft.stone_shovel":75,"stat.useItem.locks.wood_lock_pick":7,"stat.flyOneCm":192364,"stat.craftItem.minecraft.glass_bottle":48,"stat.pickup.minecraft.glass_bottle":2,"stat.mineBlock.minecraft.sand":75,"stat.killEntity.Villager":1,"stat.useItem.vampirism.pitchfork":36,"stat.mineBlock.minecraft.iron_ore":115,"stat.timeSinceDeath":47462,"stat.craftItem.spartanshields.shield_basic_wood":1,"stat.pickup.vampirism.vampire_book":1,"stat.useItem.minecraft.iron_pickaxe":252,"stat.craftItem.minecraft.wooden_pickaxe":1,"stat.pickup.minecraft.mutton":16,"stat.craftItem.minecraft.bed":1,"stat.useItem.locks.diamond_lock_pick":5,"stat.useItem.minecraft.oak_stairs":2,"stat.pickup.minecraft.stonebrick":48,"stat.furnaceInteraction":12,"stat.killEntity.vampirism.vampire_hunter":4,"stat.mineBlock.minecraft.coal_ore":70,"stat.drop.locks.diamond_lock":1,"stat.talkedToVillager":13,"stat.pickup.minecraft.beef":71,"stat.entityKilledBy.Skeleton":1,"stat.craftItem.minecraft.stone_slab2":0,"stat.sprintOneCm":205577,"stat.mineBlock.minecraft.stone_slab":2,"stat.pickup.minecraft.skull":1,"stat.pickup.vampirism.cursed_earth":3,"stat.craftItem.minecraft.stick":208,"stat.useItem.carryon.tile_item":2,"stat.mineBlock.minecraft.crafting_table":6,"stat.waystones:waystonesActivated":1,"stat.pickup.minecraft.emerald":1,"stat.useItem.minecraft.beef":1,"stat.mineBlock.minecraft.oak_stairs":5,"stat.deaths":5,"stat.mineBlock.minecraft.planks":6,"stat.drop":9,"stat.pickup.minecraft.egg":3,"stat.playOneMinute":151781,"stat.killEntity.Sheep":8,"stat.craftItem.minecraft.emerald":6,"stat.killEntity.Zombie":4,"stat.pickup.minecraft.iron_bars":1,"stat.drop.minecraft.glass_bottle":2,"stat.mineBlock.minecraft.tallgrass":13,"stat.diveOneCm":35866,"stat.chestOpened":28,"stat.useItem.locks.master_key":5,"stat.pickup.vampirism.altar_inspiration":1,"stat.craftItem.minecraft.carpet":3,"stat.pickup.minecraft.gravel":1,"stat.pickup.minecraft.iron_sword":1,"stat.pickup.minecraft.arrow":6,"stat.useItem.minecraft.chicken":3,"stat.useItem.minecraft.apple":1,"stat.useItem.minecraft.porkchop":1,"stat.pickup.minecraft.stone_brick_stairs":1,"stat.mineBlock.minecraft.gold_block":1,"stat.jump":1533,"stat.pickup.minecraft.coal":70,"stat.fallOneCm":32146,"stat.pickup.minecraft.carrot":141,"stat.useItem.minecraft.stone_axe":86,"stat.crouchOneCm":36474,"stat.craftItem.minecraft.chest":4,"stat.craftItem.minecraft.iron_ingot":66,"stat.pickup.minecraft.dirt":31,"stat.craftItem.minecraft.iron_helmet":1,"stat.pickup.vampirism.blood_container":1,"stat.pickup.vampirism.vampire_fang":15,"stat.craftingTableInteraction":18,"stat.pickup.minecraft.iron_ore":115,"stat.mineBlock.minecraft.iron_bars":1,"stat.mineBlock.minecraft.glass_pane":2,"stat.damageTaken":14195,"stat.pickup.minecraft.feather":6,"stat.pickup.minecraft.leather":24,"stat.mineBlock.minecraft.red_flower":1,"stat.mineBlock.minecraft.torch":5,"stat.useItem.minecraft.wooden_pickaxe":59,"stat.useItem.minecraft.furnace":2,"stat.tradedWithVillager":9,"stat.pickup.minecraft.planks":7,"stat.pickup.minecraft.reeds":19,"stat.pickup.minecraft.bed":1,"stat.pickup.minecraft.wheat_seeds":1,"stat.pickup.minecraft.oak_stairs":4,"stat.mineBlock.minecraft.gravel":1,"stat.useItem.minecraft.stone_pickaxe":160,"stat.craftItem.minecraft.iron_leggings":1,"stat.damageDealt":13114,"stat.craftItem.minecraft.glass":64,"stat.sleepInBed":3,"stat.killEntity.Cow":15,"stat.mineBlock.minecraft.dirt":33,"stat.killEntity.Pig":2,"stat.craftItem.minecraft.stone_shovel":1,"stat.walkOneCm":323403,"stat.useItem.minecraft.torch":1,"stat.useItem.minecraft.chest":3,"stat.drop.minecraft.rotten_flesh":1,"stat.pickup.minecraft.crafting_table":6,"stat.useItem.minecraft.cobblestone":75,"stat.craftItem.minecraft.crafting_table":2,"stat.useItem.minecraft.lava_bucket":1,"stat.pickup.minecraft.log":44,"stat.mineBlock.vampirism.cursed_earth":3,"stat.craftItem.locks.wood_lock_pick":39,"stat.drop.minecraft.chicken":16,"stat.craftItem.vampiresneedumbrellas.white_iron_umbrella":1,"stat.pickup.minecraft.chicken":19,"stat.killEntity.vampirism.advanced_vampire":1,"stat.pickup.minecraft.sapling":21,"stat.pickup.minecraft.apple":2,"stat.killEntity.Skeleton":4,"stat.pickup.vampirism.holy_salt":3,"stat.craftItem.minecraft.bucket":1,"stat.mineBlock.minecraft.stonebrick":54,"stat.useItem.minecraft.iron_sword":185,"stat.craftItem.minecraft.planks":168,"stat.killEntity.Chicken":7,"stat.killEntity.Spider":1,"stat.mobKills":75,"stat.useItem.minecraft.stonebrick":17,"stat.pickup.minecraft.book":24,"stat.mineBlock.minecraft.log":44,"stat.mineBlock.minecraft.bookshelf":4,"stat.mineBlock.minecraft.leaves":12,"stat.pickup.vampirism.human_heart":2,"stat.pickup.vampirism.pitchfork":1,"stat.pickup.minecraft.torch":5,"stat.sneakTime":12727,"stat.pickup.minecraft.wool":8,"stat.killEntity.vampirism.advanced_hunter":2,"stat.pickup.minecraft.stone_slab":2,"stat.useItem.vampirism.item_tent":3,"stat.mineBlock.minecraft.stone":192}