{"stat.leaveGame":10,"stat.pickup.vampirism.item_garlic":1,"stat.useItem.minecraft.bookshelf":58,"stat.craftItem.minecraft.iron_axe":5,"stat.killEntity.vampirism.vampire":9,"stat.useItem.minecraft.mutton":6,"stat.drop.minecraft.enchanted_book":7,"stat.useItem.minecraft.planks":13,"stat.pickup.minecraft.porkchop":13,"stat.useItem.minecraft.water_bucket":42,"stat.mineBlock.minecraft.stone_brick_stairs":1,"stat.pickup.minecraft.rotten_flesh":21,"stat.pickup.minecraft.sand":82,"stat.craftItem.minecraft.stone_axe":1,"stat.pickup.minecraft.cobblestone_wall":7,"stat.pickup.minecraft.bucket":1,"stat.useItem.locks.wood_lock_pick":7,"stat.drop.vampirism.cursed_earth":6,"stat.mineBlock.minecraft.sand":82,"stat.killEntity.Villager":1,"stat.craftItem.spartanshields.shield_basic_wood":1,"stat.useItem.minecraft.iron_pickaxe":514,"stat.craftItem.minecraft.wooden_pickaxe":1,"stat.pickup.minecraft.double_plant":12,"stat.craftItem.minecraft.bed":1,"stat.useItem.locks.diamond_lock_pick":5,"stat.useItem.minecraft.oak_stairs":2,"stat.furnaceInteraction":21,"stat.craftItem.vampirism.item_coffin":2,"stat.pickup.minecraft.beef":80,"stat.craftItem.xpbook.xp_tome":6,"stat.pickup.minecraft.hay_block":15,"stat.pickup.minecraft.skull":1,"stat.mineBlock.vampirism.altar_infusion":1,"stat.useItem.minecraft.flint_and_steel":1,"stat.pickup.minecraft.emerald":1,"stat.useItem.minecraft.beef":1,"stat.mineBlock.minecraft.oak_stairs":15,"stat.deaths":13,"stat.pickup.locks.wood_lock":1,"stat.pickup.minecraft.egg":3,"stat.playOneMinute":466779,"stat.craftItem.minecraft.iron_pickaxe":7,"stat.pickup.minecraft.item_frame":2,"stat.pickup.minecraft.iron_bars":5,"stat.drop.minecraft.glass_bottle":2,"stat.mineBlock.minecraft.tallgrass":16,"stat.chestOpened":124,"stat.useItem.minecraft.lapis_ore":31,"stat.useItem.minecraft.stone":160,"stat.craftItem.minecraft.carpet":3,"stat.pickup.minecraft.iron_sword":1,"stat.pickup.minecraft.arrow":33,"stat.mineBlock.minecraft.gold_block":6,"stat.useItem.minecraft.experience_bottle":4569,"stat.fallOneCm":72404,"stat.drop.minecraft.dye":7,"stat.pickup.minecraft.carrot":141,"stat.crouchOneCm":117413,"stat.craftItem.minecraft.diamond":9,"stat.mineBlock.minecraft.chest":1,"stat.craftItem.minecraft.chest":4,"stat.craftItem.minecraft.iron_ingot":320,"stat.pickup.vampirism.blood_container":1,"stat.craftingTableInteraction":51,"stat.mineBlock.minecraft.log2":1,"stat.drop.minecraft.double_plant":1,"stat.pickup.minecraft.feather":6,"stat.craftItem.vampirism.altar_tip":8,"stat.useItem.minecraft.furnace":2,"stat.pickup.minecraft.dye":239,"stat.pickup.minecraft.planks":46,"stat.pickup.minecraft.wheat_seeds":2,"stat.mineBlock.minecraft.gravel":3,"stat.useItem.minecraft.stone_pickaxe":334,"stat.craftItem.minecraft.iron_leggings":2,"stat.mineBlock.vampirism.altar_tip":3,"stat.mineBlock.minecraft.dirt":151,"stat.pickup.artifacts.tiny_shirt":2,"stat.drop.minecraft.stick":5,"stat.useItem.minecraft.torch":1,"stat.drop.minecraft.rotten_flesh":9,"stat.pickup.minecraft.crafting_table":10,"stat.useItem.minecraft.cobblestone":609,"stat.craftItem.minecraft.crafting_table":3,"stat.pickup.minecraft.log":50,"stat.drop.minecraft.chicken":16,"stat.drop.minecraft.stonebrick":1,"stat.pickup.minecraft.iron_pickaxe":1,"stat.craftItem.minecraft.gold_ingot":18,"stat.pickup.minecraft.chicken":19,"stat.killEntity.vampirism.advanced_vampire":1,"stat.pickup.minecraft.sapling":21,"stat.pickup.minecraft.apple":42,"stat.drop.minecraft.bow":1,"stat.pickup.vampirism.altar_pillar":34,"stat.craftItem.minecraft.bucket":1,"stat.useItem.minecraft.iron_sword":191,"stat.craftItem.minecraft.planks":196,"stat.itemEnchanted":105,"stat.useItem.minecraft.stonebrick":18,"stat.pickup.minecraft.book":117,"stat.mineBlock.minecraft.log":50,"stat.pickup.vampirism.altar_infusion":1,"stat.pickup.vampirism.human_heart":342,"stat.pickup.minecraft.red_flower":4,"stat.sneakTime":37357,"stat.pickup.minecraft.wool":11,"stat.mineBlock.minecraft.cobblestone_wall":5,"stat.pickup.minecraft.stone_slab":2,"stat.useItem.vampirism.item_tent":3,"stat.craftItem.minecraft.enchanting_table":1,"stat.drop.minecraft.stone_pickaxe":2,"stat.pickup.minecraft.bone":25,"stat.craftItem.vampirism.altar_pillar":64,"stat.useItem.minecraft.iron_axe":33,"stat.drop.minecraft.stone_shovel":1,"stat.mineBlock.minecraft.cobblestone":167,"stat.mineBlock.vampirism.altar_inspiration":3,"stat.swimOneCm":91234,"stat.climbOneCm":2153,"stat.pickup.minecraft.enchanted_book":25,"stat.drop.minecraft.cobblestone":95,"stat.pickup.vampirism.blood_bottle":10,"stat.useItem.minecraft.obsidian":2,"stat.useItem.minecraft.dirt":122,"stat.drop.croparia.seed_crop_coal":2,"stat.useItem.minecraft.stone_slab2":86,"stat.pickup.croparia.seed_crop_coal":6,"stat.pickup.croparia.fruit_coal":2,"stat.pickup.minecraft.iron_boots":1,"stat.craftItem.minecraft.furnace":3,"stat.killEntity.artifacts.mimic":2,"stat.useItem.minecraft.egg":3,"stat.pickup.minecraft.enchanting_table":2,"stat.craftItem.spartanshields.shield_basic_iron":1,"stat.craftItem.minecraft.iron_boots":2,"stat.pickup.minecraft.anvil":1,"stat.craftItem.minecraft.stone_pickaxe":8,"stat.mineBlock.minecraft.obsidian":4,"stat.pickup.minecraft.cobblestone":526,"stat.pickup.minecraft.iron_trapdoor":2,"stat.craftItem.vampiresneedumbrellas.iron_umbrella_rod":2,"stat.pickup.minecraft.gold_block":12,"stat.pickup.vampirism.item_tent":6,"stat.useItem.minecraft.stone_shovel":178,"stat.flyOneCm":899269,"stat.craftItem.minecraft.glass_bottle":48,"stat.pickup.minecraft.glass_bottle":2,"stat.useItem.vampirism.heart_striker":4,"stat.useItem.vampirism.pitchfork":169,"stat.mineBlock.minecraft.iron_ore":237,"stat.timeSinceDeath":108732,"stat.pickup.vampirism.vampire_book":22,"stat.pickup.minecraft.mutton":19,"stat.craftItem.minecraft.iron_block":19,"stat.pickup.travelersbackpack.travelers_backpack":1,"stat.pickup.minecraft.stonebrick":67,"stat.mineBlock.minecraft.enchanting_table":2,"stat.drop.minecraft.dirt":6,"stat.killEntity.vampirism.vampire_hunter":5,"stat.mineBlock.minecraft.coal_ore":70,"stat.drop.locks.diamond_lock":1,"stat.talkedToVillager":15,"stat.pickup.vampirism.altar_tip":3,"stat.pickup.minecraft.string":37,"stat.mineBlock.vampirism.altar_pillar":34,"stat.entityKilledBy.Skeleton":1,"stat.craftItem.minecraft.stone_slab2":0,"stat.drop.vampirism.hunter_intel":256,"stat.useItem.vampirism.vampire_book":1,"stat.drop.minecraft.oak_stairs":2,"stat.sprintOneCm":471857,"stat.mineBlock.minecraft.stone_slab":2,"stat.pickup.vampirism.cursed_earth":48,"stat.craftItem.minecraft.stick":256,"stat.useItem.carryon.tile_item":2,"stat.mineBlock.minecraft.diamond_ore":1,"stat.mineBlock.minecraft.crafting_table":8,"stat.useItem.minecraft.diamond_pickaxe":65,"stat.waystones:waystonesActivated":1,"stat.pickup.vampirism.item_coffin":2,"stat.drop.minecraft.cobblestone_wall":1,"stat.mineBlock.minecraft.planks":27,"stat.drop":50,"stat.pickup.locks.master_key":1,"stat.killEntity.Sheep":11,"stat.craftItem.minecraft.emerald":6,"stat.craftItem.minecraft.diamond_pickaxe":3,"stat.pickup.minecraft.iron_block":21,"stat.killEntity.Zombie":23,"stat.craftItem.minecraft.dye":108,"stat.mineBlock.minecraft.gold_ore":11,"stat.diveOneCm":117084,"stat.useItem.locks.master_key":25,"stat.pickup.vampirism.altar_inspiration":3,"stat.pickup.minecraft.gravel":1,"stat.useItem.minecraft.chicken":3,"stat.mineBlock.minecraft.anvil":1,"stat.useItem.minecraft.apple":1,"stat.pickup.vampirism.pure_blood":382,"stat.pickup.minecraft.obsidian":4,"stat.useItem.minecraft.porkchop":1,"stat.pickup.minecraft.stone_brick_stairs":1,"stat.jump":3108,"stat.useItem.minecraft.sand":3,"stat.pickup.minecraft.coal":70,"stat.pickup.minecraft.iron_ingot":1,"stat.drop.artifacts.cobalt_shield":1,"stat.useItem.minecraft.stone_axe":113,"stat.pickup.minecraft.spider_eye":4,"stat.drop.vampirism.heart_striker":2,"stat.pickup.minecraft.dirt":175,"stat.craftItem.minecraft.iron_helmet":2,"stat.pickup.vampirism.heart_striker":2,"stat.pickup.vampirism.vampire_fang":16,"stat.pickup.artifacts.cobalt_shield":2,"stat.pickup.minecraft.iron_ore":237,"stat.mineBlock.minecraft.iron_bars":6,"stat.pickup.minecraft.gold_ore":11,"stat.pickup.vampirism.hunter_intel":1024,"stat.mineBlock.minecraft.lapis_ore":32,"stat.mineBlock.minecraft.glass_pane":4,"stat.damageTaken":23675,"stat.pickup.minecraft.leather":26,"stat.mineBlock.minecraft.red_flower":1,"stat.mineBlock.minecraft.torch":6,"stat.useItem.minecraft.wooden_pickaxe":59,"stat.useItem.minecraft.gold_block":1,"stat.tradedWithVillager":9,"stat.useItem.vampirism.altar_pillar":53,"stat.pickup.minecraft.log2":1,"stat.pickup.minecraft.reeds":19,"stat.killEntity.CaveSpider":4,"stat.pickup.minecraft.bed":2,"stat.pickup.minecraft.oak_stairs":20,"stat.entityKilledBy.Zombie":1,"stat.damageDealt":24974,"stat.craftItem.minecraft.glass":64,"stat.sleepInBed":6,"stat.craftItem.minecraft.anvil":2,"stat.killEntity.Cow":16,"stat.killEntity.Pig":2,"stat.craftItem.minecraft.iron_sword":1,"stat.craftItem.minecraft.stone_shovel":1,"stat.walkOneCm":877500,"stat.useItem.minecraft.chest":3,"stat.pickup.minecraft.stick":15,"stat.useItem.minecraft.lava_bucket":13,"stat.mineBlock.vampirism.cursed_earth":27,"stat.useItem.vampirism.altar_tip":7,"stat.craftItem.locks.wood_lock_pick":39,"stat.pickup.wolfarmor.gold_wolf_armor":1,"stat.pickup.minecraft.stone":3,"stat.craftItem.vampiresneedumbrellas.white_iron_umbrella":1,"stat.craftItem.minecraft.iron_chestplate":1,"stat.killEntity.Skeleton":15,"stat.pickup.vampirism.holy_salt":3,"stat.mineBlock.minecraft.stonebrick":75,"stat.killEntity.Chicken":7,"stat.drop.minecraft.crafting_table":1,"stat.killEntity.Spider":17,"stat.pickup.minecraft.bread":2,"stat.mobKills":141,"stat.mineBlock.minecraft.bookshelf":35,"stat.useItem.minecraft.golden_apple":3,"stat.pickup.minecraft.diamond":1,"stat.mineBlock.minecraft.leaves":16,"stat.pickup.vampirism.pitchfork":1,"stat.pickup.minecraft.torch":6,"stat.craftItem.minecraft.coal_block":5,"stat.killEntity.vampirism.advanced_hunter":2,"stat.drop.minecraft.beef":6,"stat.mineBlock.minecraft.hay_block":15,"stat.mineBlock.minecraft.stone":286}