{"stat.leaveGame":10,"stat.pickup.vampirism.item_garlic":1,"stat.killEntity.vampirism.vampire":8,"stat.useItem.minecraft.mutton":6,"stat.useItem.minecraft.planks":10,"stat.pickup.minecraft.porkchop":13,"stat.useItem.minecraft.water_bucket":29,"stat.mineBlock.minecraft.stone_brick_stairs":1,"stat.pickup.minecraft.rotten_flesh":15,"stat.pickup.minecraft.sand":75,"stat.craftItem.minecraft.stone_axe":1,"stat.pickup.minecraft.cobblestone_wall":7,"stat.pickup.minecraft.bucket":1,"stat.useItem.locks.wood_lock_pick":7,"stat.mineBlock.minecraft.sand":75,"stat.killEntity.Villager":1,"stat.craftItem.spartanshields.shield_basic_wood":1,"stat.useItem.minecraft.iron_pickaxe":302,"stat.craftItem.minecraft.wooden_pickaxe":1,"stat.pickup.minecraft.double_plant":12,"stat.craftItem.minecraft.bed":1,"stat.useItem.locks.diamond_lock_pick":5,"stat.useItem.minecraft.oak_stairs":2,"stat.furnaceInteraction":13,"stat.craftItem.vampirism.item_coffin":2,"stat.pickup.minecraft.beef":71,"stat.pickup.minecraft.hay_block":15,"stat.pickup.minecraft.skull":1,"stat.useItem.minecraft.flint_and_steel":1,"stat.pickup.minecraft.emerald":1,"stat.useItem.minecraft.beef":1,"stat.mineBlock.minecraft.oak_stairs":14,"stat.deaths":11,"stat.pickup.locks.wood_lock":1,"stat.pickup.minecraft.egg":3,"stat.playOneMinute":293096,"stat.craftItem.minecraft.iron_pickaxe":1,"stat.pickup.minecraft.item_frame":2,"stat.pickup.minecraft.iron_bars":5,"stat.drop.minecraft.glass_bottle":2,"stat.mineBlock.minecraft.tallgrass":15,"stat.chestOpened":95,"stat.useItem.minecraft.stone":31,"stat.craftItem.minecraft.carpet":3,"stat.pickup.minecraft.iron_sword":1,"stat.pickup.minecraft.arrow":33,"stat.mineBlock.minecraft.gold_block":6,"stat.fallOneCm":54156,"stat.pickup.minecraft.carrot":141,"stat.crouchOneCm":89438,"stat.craftItem.minecraft.chest":4,"stat.craftItem.minecraft.iron_ingot":210,"stat.pickup.vampirism.blood_container":1,"stat.craftingTableInteraction":29,"stat.mineBlock.minecraft.log2":1,"stat.drop.minecraft.double_plant":1,"stat.pickup.minecraft.feather":6,"stat.craftItem.vampirism.altar_tip":8,"stat.useItem.minecraft.furnace":2,"stat.pickup.minecraft.planks":27,"stat.pickup.minecraft.wheat_seeds":2,"stat.mineBlock.minecraft.gravel":1,"stat.useItem.minecraft.stone_pickaxe":312,"stat.craftItem.minecraft.iron_leggings":2,"stat.mineBlock.vampirism.altar_tip":1,"stat.mineBlock.minecraft.dirt":118,"stat.useItem.minecraft.torch":1,"stat.drop.minecraft.rotten_flesh":3,"stat.pickup.minecraft.crafting_table":7,"stat.useItem.minecraft.cobblestone":511,"stat.craftItem.minecraft.crafting_table":3,"stat.pickup.minecraft.log":46,"stat.drop.minecraft.chicken":16,"stat.drop.minecraft.stonebrick":1,"stat.pickup.minecraft.chicken":19,"stat.killEntity.vampirism.advanced_vampire":1,"stat.pickup.minecraft.sapling":21,"stat.pickup.minecraft.apple":2,"stat.pickup.vampirism.altar_pillar":28,"stat.craftItem.minecraft.bucket":1,"stat.useItem.minecraft.iron_sword":185,"stat.craftItem.minecraft.planks":172,"stat.useItem.minecraft.stonebrick":18,"stat.pickup.minecraft.book":24,"stat.mineBlock.minecraft.log":46,"stat.pickup.vampirism.human_heart":323,"stat.pickup.minecraft.red_flower":4,"stat.sneakTime":28395,"stat.pickup.minecraft.wool":11,"stat.mineBlock.minecraft.cobblestone_wall":5,"stat.pickup.minecraft.stone_slab":2,"stat.useItem.vampirism.item_tent":3,"stat.drop.minecraft.stone_pickaxe":1,"stat.pickup.minecraft.bone":22,"stat.craftItem.vampirism.altar_pillar":64,"stat.mineBlock.minecraft.cobblestone":128,"stat.mineBlock.vampirism.altar_inspiration":3,"stat.swimOneCm":72005,"stat.climbOneCm":2153,"stat.pickup.vampirism.blood_bottle":10,"stat.useItem.minecraft.obsidian":2,"stat.useItem.minecraft.dirt":29,"stat.drop.croparia.seed_crop_coal":2,"stat.useItem.minecraft.stone_slab2":63,"stat.pickup.croparia.seed_crop_coal":4,"stat.craftItem.minecraft.furnace":3,"stat.useItem.minecraft.egg":3,"stat.craftItem.spartanshields.shield_basic_iron":1,"stat.craftItem.minecraft.iron_boots":2,"stat.pickup.minecraft.anvil":1,"stat.craftItem.minecraft.stone_pickaxe":8,"stat.pickup.minecraft.cobblestone":333,"stat.pickup.minecraft.iron_trapdoor":2,"stat.craftItem.vampiresneedumbrellas.iron_umbrella_rod":2,"stat.pickup.minecraft.gold_block":6,"stat.pickup.vampirism.item_tent":6,"stat.useItem.minecraft.stone_shovel":176,"stat.flyOneCm":832455,"stat.craftItem.minecraft.glass_bottle":48,"stat.pickup.minecraft.glass_bottle":2,"stat.useItem.vampirism.heart_striker":4,"stat.useItem.vampirism.pitchfork":135,"stat.mineBlock.minecraft.iron_ore":119,"stat.timeSinceDeath":15715,"stat.pickup.vampirism.vampire_book":22,"stat.pickup.minecraft.mutton":19,"stat.craftItem.minecraft.iron_block":13,"stat.pickup.minecraft.stonebrick":67,"stat.killEntity.vampirism.vampire_hunter":4,"stat.mineBlock.minecraft.coal_ore":70,"stat.drop.locks.diamond_lock":1,"stat.talkedToVillager":15,"stat.pickup.vampirism.altar_tip":1,"stat.pickup.minecraft.string":37,"stat.mineBlock.vampirism.altar_pillar":28,"stat.entityKilledBy.Skeleton":1,"stat.craftItem.minecraft.stone_slab2":0,"stat.drop.vampirism.hunter_intel":256,"stat.useItem.vampirism.vampire_book":1,"stat.sprintOneCm":335581,"stat.mineBlock.minecraft.stone_slab":2,"stat.pickup.vampirism.cursed_earth":41,"stat.craftItem.minecraft.stick":224,"stat.useItem.carryon.tile_item":2,"stat.mineBlock.minecraft.crafting_table":7,"stat.waystones:waystonesActivated":1,"stat.pickup.vampirism.item_coffin":2,"stat.drop.minecraft.cobblestone_wall":1,"stat.mineBlock.minecraft.planks":26,"stat.drop":20,"stat.pickup.locks.master_key":1,"stat.killEntity.Sheep":11,"stat.craftItem.minecraft.emerald":6,"stat.pickup.minecraft.iron_block":21,"stat.killEntity.Zombie":18,"stat.diveOneCm":83805,"stat.useItem.locks.master_key":24,"stat.pickup.vampirism.altar_inspiration":3,"stat.pickup.minecraft.gravel":1,"stat.useItem.minecraft.chicken":3,"stat.mineBlock.minecraft.anvil":1,"stat.useItem.minecraft.apple":1,"stat.pickup.vampirism.pure_blood":320,"stat.useItem.minecraft.porkchop":1,"stat.pickup.minecraft.stone_brick_stairs":1,"stat.jump":2543,"stat.pickup.minecraft.coal":70,"stat.pickup.minecraft.iron_ingot":1,"stat.useItem.minecraft.stone_axe":113,"stat.pickup.minecraft.spider_eye":4,"stat.drop.vampirism.heart_striker":2,"stat.pickup.minecraft.dirt":134,"stat.craftItem.minecraft.iron_helmet":2,"stat.pickup.vampirism.heart_striker":2,"stat.pickup.vampirism.vampire_fang":16,"stat.pickup.minecraft.iron_ore":119,"stat.mineBlock.minecraft.iron_bars":6,"stat.pickup.vampirism.hunter_intel":1024,"stat.mineBlock.minecraft.glass_pane":4,"stat.damageTaken":21215,"stat.pickup.minecraft.leather":24,"stat.mineBlock.minecraft.red_flower":1,"stat.mineBlock.minecraft.torch":6,"stat.useItem.minecraft.wooden_pickaxe":59,"stat.useItem.minecraft.gold_block":1,"stat.tradedWithVillager":9,"stat.useItem.vampirism.altar_pillar":51,"stat.pickup.minecraft.log2":1,"stat.pickup.minecraft.reeds":19,"stat.killEntity.CaveSpider":3,"stat.pickup.minecraft.bed":2,"stat.pickup.minecraft.oak_stairs":18,"stat.entityKilledBy.Zombie":1,"stat.damageDealt":21728,"stat.craftItem.minecraft.glass":64,"stat.sleepInBed":6,"stat.killEntity.Cow":15,"stat.killEntity.Pig":2,"stat.craftItem.minecraft.stone_shovel":1,"stat.walkOneCm":633536,"stat.useItem.minecraft.chest":3,"stat.useItem.minecraft.lava_bucket":13,"stat.mineBlock.vampirism.cursed_earth":22,"stat.useItem.vampirism.altar_tip":7,"stat.craftItem.locks.wood_lock_pick":39,"stat.pickup.minecraft.stone":3,"stat.craftItem.vampiresneedumbrellas.white_iron_umbrella":1,"stat.craftItem.minecraft.iron_chestplate":1,"stat.killEntity.Skeleton":13,"stat.pickup.vampirism.holy_salt":3,"stat.mineBlock.minecraft.stonebrick":75,"stat.killEntity.Chicken":7,"stat.killEntity.Spider":15,"stat.mobKills":126,"stat.mineBlock.minecraft.bookshelf":4,"stat.useItem.minecraft.golden_apple":3,"stat.mineBlock.minecraft.leaves":13,"stat.pickup.vampirism.pitchfork":1,"stat.pickup.minecraft.torch":6,"stat.killEntity.vampirism.advanced_hunter":2,"stat.mineBlock.minecraft.hay_block":15,"stat.mineBlock.minecraft.stone":205}